CustomerID,TotalRevenue
13777,6585.1599817276
16029,3702.1199522018433
17850,2974.1599836349487
16210,2474.7400555610657
12433,1919.1399772763252
17511,1825.7399904727936
13941,1095.1199760437012
13408,1024.6800034046173
15485,950.0899834930897
17017,877.3199999332428
